{"Date":{"0":1579046400,"1":1579046400,"2":1579046400,"3":1579046400,"4":1579132800,"5":1579132800,"6":1579132800,"7":1579132800,"8":1579219200,"9":1579219200,"10":1579219200,"11":1579219200,"12":1579305600,"13":1579305600,"14":1579305600,"15":1579305600,"16":1579392000,"17":1579392000,"18":1579392000,"19":1579392000,"20":1579478400,"21":1579478400,"22":1579478400,"23":1579478400,"24":1579564800,"25":1579564800,"26":1579564800,"27":1579564800},"Currency":{"0":"EUR\/USD","1":"GBP\/USD","2":"CAD\/USD","3":"JPY\/USD","4":"EUR\/USD","5":"GBP\/USD","6":"CAD\/USD","7":"JPY\/USD","8":"EUR\/USD","9":"GBP\/USD","10":"CAD\/USD","11":"JPY\/USD","12":"EUR\/USD","13":"GBP\/USD","14":"CAD\/USD","15":"JPY\/USD","16":"EUR\/USD","17":"GBP\/USD","18":"CAD\/USD","19":"JPY\/USD","20":"EUR\/USD","21":"GBP\/USD","22":"CAD\/USD","23":"JPY\/USD","24":"EUR\/USD","25":"GBP\/USD","26":"CAD\/USD","27":"JPY\/USD"},"Rate":{"0":0.8975049363,"1":0.7690091546,"2":1.3072159397,"3":109.8815293484,"4":0.8953353031,"5":0.7652430835,"6":1.3035186677,"7":109.9471752171,"8":0.9002520706,"9":0.7661595247,"10":1.3051854519,"11":110.1098307526,"12":0.9002520706,"13":0.7661595247,"14":1.3051854519,"15":110.1098307526,"16":0.9002520706,"17":0.7661595247,"18":1.3051854519,"19":110.1098307526,"20":0.902119982,"21":0.7692828146,"22":1.3069012179,"23":110.1849345963,"24":0.8996851102,"25":0.7650022492,"26":1.3056230319,"27":110.04048583}}